,image_id,case_id,img_file,new_path,coords
0,1,1,/data/cimalab/bening/545/1.jpg,data/resized_imgs/img_1,"[array([385, 91, 68, 98], dtype=object)]"
11,12,8,/data/cimalab/bening/552/2.jpg,data/resized_imgs/img_12,"[array([197, 46, 148, 99], dtype=object)]"
13,14,10,/data/cimalab/bening/555/1.jpg,data/resized_imgs/img_14,"[array([235, 111, 107, 73], dtype=object)]"
20,21,18,/data/cimalab/bening/564/1.jpg,data/resized_imgs/img_21,"[array([170, 62, 116, 127], dtype=object)]"
22,23,18,/data/cimalab/bening/564/3.jpg,data/resized_imgs/img_23,"[array([195, 43, 97, 120], dtype=object)]"
25,26,19,/data/cimalab/bening/565/1.jpg,data/resized_imgs/img_26,"[array([146, 34, 264, 194], dtype=object)]"
29,30,22,/data/cimalab/bening/568/1.jpg,data/resized_imgs/img_30,"[array([273, 65, 57, 93], dtype=object)]"
34,36,25,/data/cimalab/bening/571/2.jpg,data/resized_imgs/img_35,"[array([104, 323, 109, 71], dtype=object), array([264, 140, 116, 73], dtype=object)]"
35,37,26,/data/cimalab/bening/572/1.jpg,data/resized_imgs/img_37,"[array([181, 64, 177, 171], dtype=object)]"
38,40,29,/data/cimalab/bening/575/2.jpg,data/resized_imgs/img_40,"[array([135, 95, 285, 157], dtype=object)]"
39,41,30,/data/cimalab/bening/576/1.jpg,data/resized_imgs/img_41,"[array([162, 42, 284, 228], dtype=object)]"
41,43,32,/data/cimalab/bening/578/1.jpg,data/resized_imgs/img_43,"[array([205, 82, 143, 150], dtype=object)]"
45,47,38,/data/cimalab/bening/584/1.jpg,data/resized_imgs/img_47,"[array([297, 127, 99, 81], dtype=object)]"
47,49,53,/data/cimalab/bening/600/1.jpg,data/resized_imgs/img_49,"[array([138, 28, 268, 188], dtype=object)]"
55,57,64,/data/cimalab/bening/611/1.jpg,data/resized_imgs/img_57,"[array([144, 36, 259, 171], dtype=object)]"
59,61,68,/data/cimalab/bening/616/1.jpg,data/resized_imgs/img_61,"[array([72, 50, 189, 94], dtype=object), array([340, 52, 141, 88], dtype=object)]"
60,62,70,/data/cimalab/bening/618/1.jpg,data/resized_imgs/img_63,"[array([236, 59, 107, 52], dtype=object)]"
62,64,74,/data/cimalab/bening/622/1.jpg,data/resized_imgs/img_65,"[array([177, 93, 228, 143], dtype=object)]"
68,70,85,/data/cimalab/bening/635/1.jpg,data/resized_imgs/img_71,"[array([244, 100, 115, 74], dtype=object)]"
73,75,96,/data/cimalab/bening/646/1.jpg,data/resized_imgs/img_76,"[array([133, 41, 287, 198], dtype=object)]"
77,79,5,/data/cimalab/maling/549/1.jpg,data/resized_imgs/img_80,"[array([292, 101, 79, 56], dtype=object)]"
79,81,6,/data/cimalab/maling/550/1.jpg,data/resized_imgs/img_82,"[array([235, 71, 104, 138], dtype=object)]"
83,85,7,/data/cimalab/maling/551/2.jpg,data/resized_imgs/img_86,"[array([252, 116, 61, 82], dtype=object)]"
88,90,10,/data/cimalab/maling/555/1.jpg,data/resized_imgs/img_91,"[array([235, 111, 107, 73], dtype=object)]"
94,96,17,/data/cimalab/maling/563/2.jpg,data/resized_imgs/img_97,"[array([227, 72, 128, 98], dtype=object)]"
95,97,18,/data/cimalab/maling/564/1.jpg,data/resized_imgs/img_98,"[array([170, 62, 116, 127], dtype=object)]"
104,106,22,/data/cimalab/maling/568/1.jpg,data/resized_imgs/img_107,"[array([273, 65, 57, 93], dtype=object)]"
108,111,25,/data/cimalab/maling/571/1.jpg,data/resized_imgs/img_111,"[array([254, 145, 79, 67], dtype=object)]"
114,117,54,/data/cimalab/maling/601/1.jpg,data/resized_imgs/img_118,"[array([331, 83, 110, 90], dtype=object)]"
123,126,71,/data/cimalab/maling/619/1.jpg,data/resized_imgs/img_128,"[array([264, 85, 92, 131], dtype=object)]"
130,133,85,/data/cimalab/maling/635/1.jpg,data/resized_imgs/img_135,"[array([244, 100, 115, 74], dtype=object)]"
131,134,88,/data/cimalab/maling/638/1.jpg,data/resized_imgs/img_136,"[array([207, 84, 170, 147], dtype=object)]"
138,141,103,/data/cimalab/thyroid/102_1.jpg,data/resized_imgs/img_145,"[array([98, 53, 124, 76], dtype=object), array([346, 57, 101, 76], dtype=object)]"
157,160,119,/data/cimalab/thyroid/117_1.jpg,data/resized_imgs/img_173,"[array([162, 101, 40, 84], dtype=object), array([380, 107, 59, 80], dtype=object)]"
159,162,121,/data/cimalab/thyroid/119_1.jpg,data/resized_imgs/img_177,"[array([227, 73, 216, 147], dtype=object)]"
160,163,111,/data/cimalab/thyroid/11_1.jpg,data/resized_imgs/img_178,"[array([238, 56, 105, 103], dtype=object)]"
165,169,127,/data/cimalab/thyroid/124_1.jpg,data/resized_imgs/img_187,"[array([117, 130, 128, 74], dtype=object), array([364, 108, 130, 76], dtype=object)]"
168,173,131,/data/cimalab/thyroid/128_1.jpg,data/resized_imgs/img_196,"[array([281, 67, 177, 144], dtype=object), array([40, 56, 215, 137], dtype=object)]"
169,174,132,/data/cimalab/thyroid/129_1.jpg,data/resized_imgs/img_200,"[array([112, 58, 119, 108], dtype=object), array([327, 50, 163, 108], dtype=object)]"
176,181,136,/data/cimalab/thyroid/132_2.jpg,data/resized_imgs/img_209,"[array([266, 102, 78, 81], dtype=object)]"
181,186,141,/data/cimalab/thyroid/137_1.jpg,data/resized_imgs/img_218,"[array([178, 56, 249, 250], dtype=object)]"
183,188,142,/data/cimalab/thyroid/138_2.jpg,data/resized_imgs/img_221,"[array([220, 56, 149, 139], dtype=object)]"
184,189,143,/data/cimalab/thyroid/139_1.jpg,data/resized_imgs/img_222,"[array([117, 73, 106, 59], dtype=object), array([398, 80, 101, 61], dtype=object)]"
185,190,143,/data/cimalab/thyroid/139_2.jpg,data/resized_imgs/img_225,"[array([190, 61, 102, 85], dtype=object)]"
187,192,133,/data/cimalab/thyroid/13_1.jpg,data/resized_imgs/img_202,"[array([182, 100, 218, 134], dtype=object)]"
189,194,146,/data/cimalab/thyroid/141_1.jpg,data/resized_imgs/img_229,"[array([237, 113, 121, 67], dtype=object)]"
192,198,149,/data/cimalab/thyroid/144_1.jpg,data/resized_imgs/img_233,"[array([105, 89, 108, 79], dtype=object), array([377, 73, 94, 81], dtype=object)]"
197,203,153,/data/cimalab/thyroid/148_1.jpg,data/resized_imgs/img_242,"[array([234, 115, 70, 50], dtype=object)]"
215,222,167,/data/cimalab/thyroid/160_1.jpg,data/resized_imgs/img_267,"[array([188, 33, 218, 115], dtype=object)]"
219,226,170,/data/cimalab/thyroid/163_2.jpg,data/resized_imgs/img_274,"[array([247, 141, 65, 50], dtype=object)]"
221,230,174,/data/cimalab/thyroid/167_1.jpg,data/resized_imgs/img_277,"[array([106, 44, 131, 107], dtype=object), array([351, 42, 114, 103], dtype=object)]"
226,235,179,/data/cimalab/thyroid/171_1.jpg,data/resized_imgs/img_285,"[array([128, 99, 131, 126], dtype=object), array([351, 98, 113, 122], dtype=object)]"
229,238,181,/data/cimalab/thyroid/173_2.jpg,data/resized_imgs/img_288,"[array([214, 50, 161, 155], dtype=object)]"
239,249,190,/data/cimalab/thyroid/181_1.jpg,data/resized_imgs/img_304,"[array([122, 92, 70, 55], dtype=object), array([376, 81, 77, 58], dtype=object)]"
240,250,191,/data/cimalab/thyroid/182_1.jpg,data/resized_imgs/img_306,"[array([89, 81, 154, 142], dtype=object), array([297, 76, 225, 150], dtype=object)]"
242,252,192,/data/cimalab/thyroid/183_2.jpg,data/resized_imgs/img_309,"[array([148, 45, 262, 247], dtype=object)]"
244,254,194,/data/cimalab/thyroid/185_1.jpg,data/resized_imgs/img_312,"[array([91, 89, 169, 134], dtype=object), array([330, 64, 116, 131], dtype=object)]"
248,258,198,/data/cimalab/thyroid/189_1.jpg,data/resized_imgs/img_321,"[array([330, 49, 155, 142], dtype=object), array([35, 41, 245, 143], dtype=object)]"
254,264,203,/data/cimalab/thyroid/194_1.jpg,data/resized_imgs/img_328,"[array([261, 109, 95, 58], dtype=object)]"
255,265,204,/data/cimalab/thyroid/195_1.jpg,data/resized_imgs/img_329,"[array([76, 47, 183, 131], dtype=object), array([306, 52, 179, 121], dtype=object)]"
257,268,207,/data/cimalab/thyroid/198_1.jpg,data/resized_imgs/img_333,"[array([132, 79, 112, 68], dtype=object), array([361, 65, 158, 77], dtype=object)]"
268,281,218,/data/cimalab/thyroid/207_1.jpg,data/resized_imgs/img_349,"[array([130, 53, 277, 196], dtype=object)]"
277,290,224,/data/cimalab/thyroid/212_1.jpg,data/resized_imgs/img_362,"[array([61, 52, 151, 142], dtype=object), array([312, 59, 204, 133], dtype=object)]"
284,298,230,/data/cimalab/thyroid/219_1.jpg,data/resized_imgs/img_374,"[array([201, 95, 231, 126], dtype=object)]"
297,311,241,/data/cimalab/thyroid/229_1.jpg,data/resized_imgs/img_395,"[array([329, 24, 137, 154], dtype=object), array([66, 26, 202, 156], dtype=object)]"
298,312,231,/data/cimalab/thyroid/22_1.jpg,data/resized_imgs/img_375,"[array([192, 135, 59, 49], dtype=object)]"
314,329,255,/data/cimalab/thyroid/241_1.jpg,data/resized_imgs/img_423,"[array([95, 63, 133, 137], dtype=object), array([315, 61, 193, 137], dtype=object)]"
315,330,256,/data/cimalab/thyroid/242_1.jpg,data/resized_imgs/img_425,"[array([268, 79, 87, 96], dtype=object)]"
320,335,261,/data/cimalab/thyroid/247_1.jpg,data/resized_imgs/img_434,"[array([123, 132, 121, 64], dtype=object), array([333, 118, 98, 65], dtype=object)]"
325,340,266,/data/cimalab/thyroid/251_1.jpg,data/resized_imgs/img_443,"[array([301, 18, 194, 128], dtype=object), array([38, 23, 199, 149], dtype=object)]"
330,345,271,/data/cimalab/thyroid/256_1.jpg,data/resized_imgs/img_452,"[array([322, 73, 123, 109], dtype=object), array([89, 69, 181, 124], dtype=object)]"
334,349,264,/data/cimalab/thyroid/25_1.jpg,data/resized_imgs/img_440,"[array([131, 38, 276, 183], dtype=object)]"
347,362,287,/data/cimalab/thyroid/270_1.jpg,data/resized_imgs/img_479,"[array([349, 121, 129, 109], dtype=object), array([76, 106, 153, 111], dtype=object)]"
349,364,289,/data/cimalab/thyroid/272_1.jpg,data/resized_imgs/img_482,"[array([169, 69, 193, 145], dtype=object)]"
352,367,292,/data/cimalab/thyroid/275_1.jpg,data/resized_imgs/img_487,"[array([254, 127, 161, 104], dtype=object)]"
353,368,293,/data/cimalab/thyroid/276_1.jpg,data/resized_imgs/img_488,"[array([112, 25, 97, 76], dtype=object), array([357, 21, 95, 72], dtype=object)]"
355,370,295,/data/cimalab/thyroid/278_1.jpg,data/resized_imgs/img_491,"[array([102, 110, 94, 55], dtype=object), array([358, 94, 80, 58], dtype=object)]"
361,376,301,/data/cimalab/thyroid/283_1.jpg,data/resized_imgs/img_501,"[array([105, 125, 133, 76], dtype=object), array([367, 108, 100, 75], dtype=object)]"
363,378,303,/data/cimalab/thyroid/285_1.jpg,data/resized_imgs/img_505,"[array([286, 97, 151, 143], dtype=object)]"
370,385,310,/data/cimalab/thyroid/291_1.jpg,data/resized_imgs/img_514,"[array([170, 74, 171, 130], dtype=object)]"
372,387,312,/data/cimalab/thyroid/293_1.jpg,data/resized_imgs/img_516,"[array([233, 68, 143, 113], dtype=object)]"
376,391,314,/data/cimalab/thyroid/295_1.jpg,data/resized_imgs/img_520,"[array([195, 44, 214, 204], dtype=object)]"
381,396,315,/data/cimalab/thyroid/296_5.jpg,data/resized_imgs/img_525,"[array([199, 44, 160, 124], dtype=object)]"
385,400,308,/data/cimalab/thyroid/29_1.jpg,data/resized_imgs/img_512,"[array([189, 75, 185, 133], dtype=object)]"
391,406,325,/data/cimalab/thyroid/304_1.jpg,data/resized_imgs/img_535,"[array([169, 47, 199, 175], dtype=object)]"
394,409,328,/data/cimalab/thyroid/307_1.jpg,data/resized_imgs/img_538,"[array([198, 64, 227, 158], dtype=object)]"
402,417,335,/data/cimalab/thyroid/313_2.jpg,data/resized_imgs/img_547,"[array([190, 44, 156, 112], dtype=object)]"
410,425,340,/data/cimalab/thyroid/318_2.jpg,data/resized_imgs/img_555,"[array([258, 95, 69, 53], dtype=object)]"
419,434,342,/data/cimalab/thyroid/32_1.jpg,data/resized_imgs/img_559,"[array([214, 111, 93, 69], dtype=object)]"
422,437,350,/data/cimalab/thyroid/331_1.jpg,data/resized_imgs/img_568,"[array([194, 70, 203, 146], dtype=object)]"
423,438,351,/data/cimalab/thyroid/332_1.jpg,data/resized_imgs/img_569,"[array([215, 116, 82, 37], dtype=object)]"
424,439,352,/data/cimalab/thyroid/333_1.jpg,data/resized_imgs/img_570,"[array([205, 82, 143, 150], dtype=object)]"
428,443,354,/data/cimalab/thyroid/335_2.jpg,data/resized_imgs/img_573,"[array([191, 54, 267, 135], dtype=object)]"
445,460,367,/data/cimalab/thyroid/347_2.jpg,data/resized_imgs/img_592,"[array([135, 95, 285, 157], dtype=object)]"
446,461,368,/data/cimalab/thyroid/348_1.jpg,data/resized_imgs/img_593,"[array([330, 79, 68, 84], dtype=object), array([130, 85, 131, 111], dtype=object)]"
447,462,369,/data/cimalab/thyroid/349_1.jpg,data/resized_imgs/img_595,"[array([147, 54, 290, 128], dtype=object)]"
449,464,371,/data/cimalab/thyroid/350_1.jpg,data/resized_imgs/img_598,"[array([169, 29, 275, 162], dtype=object)]"
450,465,371,/data/cimalab/thyroid/350_2.jpg,data/resized_imgs/img_597,"[array([189, 37, 184, 146], dtype=object)]"
457,472,376,/data/cimalab/thyroid/355_1.jpg,data/resized_imgs/img_605,"[array([266, 70, 137, 121], dtype=object)]"
460,475,379,/data/cimalab/thyroid/358_1.jpg,data/resized_imgs/img_608,"[array([230, 116, 59, 41], dtype=object)]"
475,490,389,/data/cimalab/thyroid/367_1.jpg,data/resized_imgs/img_626,"[array([214, 91, 75, 58], dtype=object)]"
483,498,394,/data/cimalab/thyroid/372_1.jpg,data/resized_imgs/img_633,"[array([197, 96, 209, 93], dtype=object)]"
488,503,398,/data/cimalab/thyroid/376_1.jpg,data/resized_imgs/img_638,"[array([205, 115, 130, 114], dtype=object)]"
490,505,400,/data/cimalab/thyroid/378_1.jpg,data/resized_imgs/img_640,"[array([205, 54, 130, 176], dtype=object)]"
492,507,403,/data/cimalab/thyroid/380_1.jpg,data/resized_imgs/img_643,"[array([134, 36, 331, 209], dtype=object)]"
496,511,406,/data/cimalab/thyroid/383_1.jpg,data/resized_imgs/img_647,"[array([177, 52, 213, 186], dtype=object)]"
503,519,413,/data/cimalab/thyroid/390_1.jpg,data/resized_imgs/img_654,"[array([259, 95, 60, 70], dtype=object)]"
505,521,414,/data/cimalab/thyroid/391_2.jpg,data/resized_imgs/img_656,"[array([235, 86, 144, 111], dtype=object)]"
520,536,427,/data/cimalab/thyroid/43_1.jpg,data/resized_imgs/img_670,"[array([200, 93, 190, 107], dtype=object)]"
522,538,429,/data/cimalab/thyroid/45_1.jpg,data/resized_imgs/img_672,"[array([243, 84, 125, 104], dtype=object)]"
523,539,430,/data/cimalab/thyroid/46_1.jpg,data/resized_imgs/img_673,"[array([223, 98, 104, 113], dtype=object)]"
529,545,436,/data/cimalab/thyroid/51_1.jpg,data/resized_imgs/img_679,"[array([240, 96, 154, 78], dtype=object)]"
531,547,438,/data/cimalab/thyroid/53_1.jpg,data/resized_imgs/img_681,"[array([240, 69, 220, 127], dtype=object)]"
539,556,446,/data/cimalab/thyroid/60_1.jpg,data/resized_imgs/img_691,"[array([136, 135, 42, 42], dtype=object), array([356, 126, 43, 47], dtype=object)]"
562,580,462,/data/cimalab/thyroid/75_2.jpg,data/resized_imgs/img_724,"[array([184, 39, 197, 142], dtype=object)]"
568,586,468,/data/cimalab/thyroid/80_1.jpg,data/resized_imgs/img_734,"[array([357, 56, 120, 132], dtype=object), array([103, 46, 152, 123], dtype=object)]"
576,594,473,/data/cimalab/thyroid/85_2.jpg,data/resized_imgs/img_745,"[array([173, 61, 131, 173], dtype=object)]"
583,601,479,/data/cimalab/thyroid/90_1.jpg,data/resized_imgs/img_756,"[array([181, 78, 226, 202], dtype=object)]"
590,608,482,/data/cimalab/thyroid/93_1.jpg,data/resized_imgs/img_766,"[array([126, 74, 92, 53], dtype=object), array([322, 62, 115, 59], dtype=object)]"
595,613,485,/data/cimalab/thyroid/96_2.jpg,data/resized_imgs/img_771,"[array([215, 81, 199, 165], dtype=object)]"
